Name,hp,attack,defense,sp.atk,sp.def,speed
Victini,100,100,100,100,100,100
Bulbasaur,45,49,49,65,65,45
Ivysaur,60,62,63,80,80,60
Venusaur,80,82,83,100,100,80
Charmander,65,52,43,60,50,65
Charmeleon,80,64,58,80,65,80
Charizard,100,84,78,109,85,100
Squirtle,43,48,65,50,64,43
Wartortle,58,63,80,65,80,58
Blastoise,78,83,100,85,105,78
Caterpie,45,30,35,20,20,45
Metapod,30,20,55,25,25,30
Butterfree,70,45,50,80,80,70
Weedle,50,35,30,20,20,50
Kakuna,35,25,50,25,25,35
Beedrill,75,80,40,45,80,75
Pidgey,56,45,40,35,35,56
Pidgeotto,71,60,55,50,50,71
Pidgeot,91,80,75,70,70,91
Rattata,72,56,35,25,35,72
Raticate,97,81,60,50,70,97
Spearow,70,60,30,31,31,70
Fearow,100,90,65,61,61,100
Ekans,55,60,44,40,54,55
Arbok,80,85,69,65,79,80
Pikachu,90,55,30,50,40,90
Raichu,100,90,55,90,80,100
Sandshrew,40,75,85,20,30,40
Sandslash,65,100,110,45,55,65
Nidoran♀,41,47,52,40,40,41
Nidorina,56,62,67,55,55,56
Nidoqueen,76,82,87,75,85,76
Nidoran♂,50,57,40,40,40,50
Nidorino,65,72,57,55,55,65
Nidoking,85,92,77,85,75,85
Clefairy,35,45,48,60,65,35
Clefable,60,70,73,85,90,60
Vulpix,65,41,40,50,65,65
Ninetales,100,76,75,81,100,100
Jigglypuff,20,45,20,45,25,20
Wigglytuff,45,70,45,75,50,45
Zubat,55,45,35,30,40,55
Golbat,90,80,70,65,75,90
Oddish,30,50,55,75,65,30
Gloom,40,65,70,85,75,40
Vileplume,50,80,85,100,90,50
Paras,25,70,55,45,55,25
Parasect,30,95,80,60,80,30
Venonat,45,55,50,40,55,45
Venomoth,90,65,60,90,75,90
Diglett,95,55,25,35,45,95
Dugtrio,120,80,50,50,70,120
Meowth,90,45,35,40,40,90
Persian,115,70,60,65,65,115
Psyduck,55,52,48,65,50,55
Golduck,85,82,78,95,80,85
Mankey,70,80,35,35,45,70
Primeape,95,105,60,60,70,95
Growlithe,60,70,45,70,50,60
Arcanine,95,110,80,100,80,95
Poliwag,90,50,40,40,40,90
Poliwhirl,90,65,65,50,50,90
Poliwrath,70,85,95,70,90,70
Abra,90,20,15,105,55,90
Kadabra,105,35,30,120,70,105
Alakazam,120,50,45,135,85,120
Machop,35,80,50,35,35,35
Machoke,45,100,70,50,60,45
Machamp,55,130,80,65,85,55
Bellsprout,40,75,35,70,30,40
Weepinbell,55,90,50,85,45,55
Victreebel,70,105,65,100,60,70
Tentacool,70,40,35,50,100,70
Tentacruel,100,70,65,80,120,100
Geodude,20,80,100,30,30,20
Graveler,35,95,115,45,45,35
Golem,45,110,130,55,65,45
Ponyta,90,85,55,65,65,90
Rapidash,105,100,70,80,80,105
Slowpoke,15,65,65,40,40,15
Slowbro,30,75,110,100,80,30
Magnemite,45,35,70,95,55,45
Magneton,70,60,95,120,70,70
Farfetch'd,60,65,55,58,62,60
Doduo,75,85,45,35,35,75
Dodrio,100,110,70,60,60,100
Seel,45,45,55,45,70,45
Dewgong,70,70,80,70,95,70
Grimer,25,80,50,40,50,25
Muk,50,105,75,65,100,50
Shellder,40,65,100,45,25,40
Cloyster,70,95,180,85,45,70
Gastly,80,35,30,100,35,80
Haunter,95,50,45,115,55,95
Gengar,110,65,60,130,75,110
Onix,70,45,160,30,45,70
Drowzee,42,48,45,43,90,42
Hypno,67,73,70,73,115,67
Krabby,50,105,90,25,25,50
Kingler,75,130,115,50,50,75
Voltorb,100,30,50,55,55,100
Electrode,140,50,70,80,80,140
Exeggcute,40,40,80,60,45,40
Exeggutor,55,95,85,125,65,55
Cubone,35,50,95,40,50,35
Marowak,45,80,110,50,80,45
Hitmonlee,87,120,53,35,110,87
Hitmonchan,76,105,79,35,110,76
Lickitung,30,55,75,60,75,30
Koffing,35,65,95,60,45,35
Weezing,60,90,120,85,70,60
Rhyhorn,25,85,95,30,30,25
Rhydon,40,130,120,45,45,40
Chansey,50,5,5,35,105,50
Tangela,60,55,115,100,40,60
Kangaskhan,90,95,80,40,80,90
Horsea,60,40,70,70,25,60
Seadra,85,65,95,95,45,85
Goldeen,63,67,60,35,50,63
Seaking,68,92,65,65,80,68
Staryu,85,45,55,70,55,85
Starmie,115,75,85,100,85,115
Mr. Mime,90,45,65,100,120,90
Scyther,105,110,80,55,80,105
Jynx,95,50,35,115,95,95
Electabuzz,105,83,57,95,85,105
Magmar,93,95,57,100,85,93
Pinsir,85,125,100,55,70,85
Tauros,110,100,95,40,70,110
Magikarp,80,10,55,15,20,80
Gyarados,81,125,79,60,100,81
Lapras,60,85,80,85,95,60
Ditto,48,48,48,48,48,48
Eevee,55,55,50,45,65,55
Vaporeon,65,65,60,110,95,65
Jolteon,130,65,60,110,95,130
Flareon,65,130,60,95,110,65
Porygon,40,60,70,85,75,40
Omanyte,35,40,100,90,55,35
Omastar,55,60,125,115,70,55
Kabuto,55,80,90,55,45,55
Kabutops,80,115,105,65,70,80
Aerodactyl,130,105,65,60,75,130
Snorlax,30,110,65,65,110,30
Articuno,85,85,100,95,125,85
Zapdos,100,90,85,125,90,100
Moltres,90,100,90,125,85,90
Dratini,50,64,45,50,50,50
Dragonair,70,84,65,70,70,70
Dragonite,80,134,95,100,100,80
Mewtwo,130,110,90,154,90,130
Mew,100,100,100,100,100,100
Chikorita,45,49,65,49,65,45
Bayleef,60,62,80,63,80,60
Meganium,80,82,100,83,100,80
Cyndaquil,65,52,43,60,50,65
Quilava,80,64,58,80,65,80
Typhlosion,100,84,78,109,85,100
Totodile,43,65,64,44,48,43
Croconaw,58,80,80,59,63,58
Feraligatr,78,105,100,79,83,78
Sentret,20,46,34,35,45,20
Furret,90,76,64,45,55,90
Hoothoot,50,30,30,36,56,50
Noctowl,70,50,50,76,96,70
Ledyba,55,20,30,40,80,55
Ledian,85,35,50,55,110,85
Spinarak,30,60,40,40,40,30
Ariados,40,90,70,60,60,40
Crobat,130,90,80,70,80,130
Chinchou,67,38,38,56,56,67
Lanturn,67,58,58,76,76,67
Pichu,60,40,15,35,35,60
Cleffa,15,25,28,45,55,15
Igglybuff,15,30,15,40,20,15
Togepi,20,20,65,40,65,20
Togetic,40,40,85,80,105,40
Natu,70,50,45,70,45,70
Xatu,95,75,70,95,70,95
Mareep,35,40,40,65,45,35
Flaaffy,45,55,55,80,60,45
Ampharos,55,75,75,115,90,55
Bellossom,50,80,85,90,100,50
Marill,40,20,50,20,50,40
Azumarill,50,50,80,50,80,50
Sudowoodo,30,100,115,30,65,30
Politoed,70,75,75,90,100,70
Hoppip,50,35,40,35,55,50
Skiploom,80,45,50,45,65,80
Jumpluff,110,55,70,55,85,110
Aipom,85,70,55,40,55,85
Sunkern,30,30,30,30,30,30
Sunflora,30,75,55,105,85,30
Yanma,95,65,45,75,45,95
Wooper,15,45,45,25,25,15
Quagsire,35,85,85,65,65,35
Espeon,110,65,60,130,95,110
Umbreon,65,65,110,60,130,65
Murkrow,91,85,42,85,42,91
Slowking,30,75,80,100,110,30
Misdreavus,85,60,60,85,85,85
Unown,48,72,48,72,48,48
Wobbuffet,33,33,58,33,58,33
Girafarig,85,80,65,90,65,85
Pineco,15,65,90,35,35,15
Forretress,40,90,140,60,60,40
Dunsparce,45,70,70,65,65,45
Gligar,85,75,105,35,65,85
Steelix,30,85,200,55,65,30
Snubbull,30,80,50,40,40,30
Granbull,45,120,75,60,60,45
Qwilfish,85,95,75,55,55,85
Scizor,65,130,100,55,80,65
Shuckle,5,10,230,10,230,5
Heracross,85,125,75,40,95,85
Sneasel,115,95,55,35,75,115
Teddiursa,40,80,50,50,50,40
Ursaring,55,130,75,75,75,55
Slugma,20,40,40,70,40,20
Magcargo,30,50,120,80,80,30
Swinub,50,50,40,30,30,50
Piloswine,50,100,80,60,60,50
Corsola,35,55,85,65,85,35
Remoraid,65,65,35,65,35,65
Octillery,45,105,75,105,75,45
Delibird,75,55,45,65,45,75
Mantine,70,40,70,80,140,70
Skarmory,70,80,140,40,70,70
Houndour,65,60,30,80,50,65
Houndoom,95,90,50,110,80,95
Kingdra,85,95,95,95,95,85
Phanpy,40,60,60,40,40,40
Donphan,50,120,120,60,60,50
Porygon2,60,80,90,105,95,60
Stantler,85,95,62,85,65,85
Smeargle,75,20,35,20,45,75
Tyrogue,35,35,35,35,35,35
Hitmontop,70,95,95,35,110,70
Smoochum,65,30,15,85,65,65
Elekid,95,63,37,65,55,95
Magby,83,75,37,70,55,83
Miltank,100,80,105,40,70,100
Blissey,55,10,10,75,135,55
Raikou,115,85,75,115,100,115
Entei,100,115,85,90,75,100
Suicune,85,75,115,90,115,85
Larvitar,41,64,50,45,50,41
Pupitar,51,84,70,65,70,51
Tyranitar,61,134,110,95,100,61
Lugia,110,90,130,90,154,110
Ho-Oh,90,130,90,110,154,90
Celebi,100,100,100,100,100,100
Treecko,70,45,35,65,55,70
Grovyle,95,65,45,85,65,95
Sceptile,120,85,65,105,85,120
Torchic,45,60,40,70,50,45
Combusken,55,85,60,85,60,55
Blaziken,80,120,70,110,70,80
Mudkip,40,70,50,50,50,40
Marshtomp,50,85,70,60,70,50
Swampert,60,110,90,85,90,60
Poochyena,35,55,35,30,30,35
Mightyena,70,90,70,60,60,70
Zigzagoon,60,30,41,30,41,60
Linoone,100,70,61,50,61,100
Wurmple,20,45,35,20,30,20
Silcoon,15,35,55,25,25,15
Beautifly,65,70,50,90,50,65
Cascoon,15,35,55,25,25,15
Dustox,65,50,70,50,90,65
Lotad,30,30,30,40,50,30
Lombre,50,50,50,60,70,50
Ludicolo,70,70,70,90,100,70
Seedot,30,40,50,30,30,30
Nuzleaf,60,70,40,60,40,60
Shiftry,80,100,60,90,60,80
Taillow,85,55,30,30,30,85
Swellow,125,85,60,50,50,125
Wingull,85,30,30,55,30,85
Pelipper,65,50,100,85,70,65
Ralts,40,25,25,45,35,40
Kirlia,50,35,35,65,55,50
Gardevoir,80,65,65,125,115,80
Surskit,65,30,32,50,52,65
Masquerain,60,60,62,80,82,60
Shroomish,35,40,60,40,60,35
Breloom,70,130,80,60,60,70
Slakoth,30,60,60,35,35,30
Vigoroth,90,80,80,55,55,90
Slaking,100,160,100,95,65,100
Nincada,40,45,90,30,30,40
Ninjask,160,90,45,50,50,160
Shedinja,40,90,45,30,30,40
Whismur,28,51,23,51,23,28
Loudred,48,71,43,71,43,48
Exploud,68,91,63,91,63,68
Makuhita,25,60,30,20,30,25
Hariyama,50,120,60,40,60,50
Azurill,20,20,40,20,40,20
Nosepass,30,45,135,45,90,30
Skitty,50,45,45,35,35,50
Delcatty,70,65,65,55,55,70
Sableye,50,75,75,65,65,50
Mawile,50,85,85,55,55,50
Aron,30,70,100,40,40,30
Lairon,40,90,140,50,50,40
Aggron,50,110,180,60,60,50
Meditite,60,40,55,40,55,60
Medicham,80,60,75,60,75,80
Electrike,65,45,40,65,40,65
Manectric,105,75,60,105,60,105
Plusle,95,50,40,85,75,95
Minun,95,40,50,75,85,95
Volbeat,85,73,55,47,75,85
Illumise,85,47,55,73,75,85
Roselia,65,60,45,100,80,65
Gulpin,40,43,53,43,53,40
Swalot,55,73,83,73,83,55
Carvanha,65,90,20,65,20,65
Sharpedo,95,120,40,95,40,95
Wailmer,60,70,35,70,35,60
Wailord,60,90,45,90,45,60
Numel,35,60,40,65,45,35
Camerupt,40,100,70,105,75,40
Torkoal,20,85,140,85,70,20
Spoink,60,25,35,70,80,60
Grumpig,80,45,65,90,110,80
Spinda,60,60,60,60,60,60
Trapinch,10,100,45,45,45,10
Vibrava,70,70,50,50,50,70
Flygon,100,100,80,80,80,100
Cacnea,35,85,40,85,40,35
Cacturne,55,115,60,115,60,55
Swablu,50,40,60,40,75,50
Altaria,80,70,90,70,105,80
Zangoose,90,115,60,60,60,90
Seviper,65,100,60,100,60,65
Lunatone,70,55,65,95,85,70
Solrock,70,95,85,55,65,70
Barboach,60,48,43,46,41,60
Whiscash,60,78,73,76,71,60
Corphish,35,80,65,50,35,35
Crawdaunt,55,120,85,90,55,55
Baltoy,55,40,55,40,70,55
Claydol,75,70,105,70,120,75
Lileep,23,41,77,61,87,23
Cradily,43,81,97,81,107,43
Anorith,75,95,50,40,50,75
Armaldo,45,125,100,70,80,45
Feebas,80,15,20,10,55,80
Milotic,81,60,79,100,125,81
Castform,70,70,70,70,70,70
Kecleon,40,90,70,60,120,40
Shuppet,45,75,35,63,33,45
Banette,65,115,65,83,63,65
Duskull,25,40,90,30,90,25
Dusclops,25,70,130,60,130,25
Tropius,51,68,83,72,87,51
Chimecho,65,50,70,95,80,65
Absol,75,130,60,75,60,75
Wynaut,23,23,48,23,48,23
Snorunt,50,50,50,50,50,50
Glalie,80,80,80,80,80,80
Spheal,25,40,50,55,50,25
Sealeo,45,60,70,75,70,45
Walrein,65,80,90,95,90,65
Clamperl,32,64,85,74,55,32
Huntail,52,104,105,94,75,52
Gorebyss,52,84,105,114,75,52
Relicanth,55,90,130,45,65,55
Luvdisc,97,30,55,40,65,97
Bagon,50,75,60,40,30,50
Shelgon,50,95,100,60,50,50
Salamence,100,135,80,110,80,100
Beldum,30,55,80,35,60,30
Metang,50,75,100,55,80,50
Metagross,70,135,130,95,90,70
Regirock,50,100,200,50,100,50
Regice,50,50,100,100,200,50
Registeel,50,75,150,75,150,50
Latias,110,80,90,110,130,110
Latios,110,90,80,130,110,110
Kyogre,90,100,90,150,140,90
Groudon,90,150,140,100,90,90
Rayquaza,95,150,90,150,90,95
Jirachi,100,100,100,100,100,100
Deoxys,150,150,50,150,50,150
Turtwig,31,68,64,45,55,31
Grotle,36,89,85,55,65,36
Torterra,56,109,105,75,85,56
Chimchar,61,58,44,58,44,61
Monferno,81,78,52,78,52,81
Infernape,108,104,71,104,71,108
Piplup,40,51,53,61,56,40
Prinplup,50,66,68,81,76,50
Empoleon,60,86,88,111,101,60
Starly,60,55,30,30,30,60
Staravia,80,75,50,40,40,80
Staraptor,100,120,70,50,50,100
Bidoof,31,45,40,35,40,31
Bibarel,71,85,60,55,60,71
Kricketot,25,25,41,25,41,25
Kricketune,65,85,51,55,51,65
Shinx,45,65,34,40,34,45
Luxio,60,85,49,60,49,60
Luxray,70,120,79,95,79,70
Budew,55,30,35,50,70,55
Roserade,90,70,55,125,105,90
Cranidos,58,125,40,30,30,58
Rampardos,58,165,60,65,50,58
Shieldon,30,42,118,42,88,30
Bastiodon,30,52,168,47,138,30
Burmy,36,29,45,29,45,36
Wormadam,36,59,85,79,105,36
Mothim,66,94,50,94,50,66
Combee,70,30,42,30,42,70
Vespiquen,40,80,102,80,102,40
Pachirisu,95,45,70,45,90,95
Buizel,85,65,35,60,30,85
Floatzel,115,105,55,85,50,115
Cherubi,35,35,45,62,53,35
Cherrim,85,60,70,87,78,85
Shellos,34,48,48,57,62,34
Gastrodon,39,83,68,92,82,39
Ambipom,115,100,66,60,66,115
Drifloon,70,50,34,60,44,70
Drifblim,80,80,44,90,54,80
Buneary,85,66,44,44,56,85
Lopunny,105,76,84,54,96,105
Mismagius,105,60,60,105,105,105
Honchkrow,71,125,52,105,52,71
Glameow,85,55,42,42,37,85
Purugly,112,82,64,64,59,112
Chingling,45,30,50,65,50,45
Stunky,74,63,47,41,41,74
Skuntank,84,93,67,71,61,84
Bronzor,23,24,86,24,86,23
Bronzong,33,89,116,79,116,33
Bonsly,10,80,95,10,45,10
Mime Jr.,60,25,45,70,90,60
Happiny,30,5,5,15,65,30
Chatot,91,65,45,92,42,91
Spiritomb,35,92,108,92,108,35
Gible,42,70,45,40,45,42
Gabite,82,90,65,50,55,82
Garchomp,102,130,95,80,85,102
Munchlax,5,85,40,40,85,5
Riolu,60,70,40,35,40,60
Lucario,90,110,70,115,70,90
Hippopotas,32,72,78,38,42,32
Hippowdon,47,112,118,68,72,47
Skorupi,65,50,90,30,55,65
Drapion,95,90,110,60,75,95
Croagunk,50,61,40,61,40,50
Toxicroak,85,106,65,86,65,85
Carnivine,46,100,72,90,72,46
Finneon,66,49,56,49,61,66
Lumineon,91,69,76,69,86,91
Mantyke,50,20,50,60,120,50
Snover,40,62,50,62,60,40
Abomasnow,60,92,75,92,85,60
Weavile,125,120,65,45,85,125
Magnezone,60,70,115,130,90,60
Lickilicky,50,85,95,80,95,50
Rhyperior,40,140,130,55,55,40
Tangrowth,50,100,125,110,50,50
Electivire,95,123,67,95,85,95
Magmortar,83,95,67,125,95,83
Togekiss,80,50,95,120,115,80
Yanmega,95,76,86,116,56,95
Leafeon,95,110,130,60,65,95
Glaceon,65,60,110,130,95,65
Gliscor,95,95,125,45,75,95
Mamoswine,80,130,80,70,60,80
Porygon-Z,90,80,70,135,75,90
Gallade,80,125,65,65,115,80
Probopass,40,55,145,75,150,40
Dusknoir,45,100,135,65,135,45
Froslass,110,80,70,80,70,110
Rotom,91,50,77,95,77,91
Uxie,95,75,130,75,130,95
Mesprit,80,105,105,105,105,80
Azelf,115,125,70,125,70,115
Dialga,90,120,120,150,100,90
Palkia,100,120,100,150,120,100
Heatran,77,90,106,130,106,77
Regigigas,100,160,110,80,110,100
Giratina,90,100,120,100,120,90
Cresselia,85,70,120,75,130,85
Phione,80,80,80,80,80,80
Manaphy,100,100,100,100,100,100
Darkrai,125,90,90,135,90,125
Shaymin,100,100,100,100,100,100
Arceus,120,120,120,120,120,120
Snivy,63,45,55,45,55,63
Servine,83,60,75,60,75,83
Serperior,113,75,95,75,95,113
Tepig,45,63,45,45,45,45
Pignite,55,93,55,70,55,55
Emboar,65,123,65,100,65,65
Oshawott,45,55,45,63,45,45
Dewott,60,75,60,83,60,60
Samurott,70,100,85,108,70,70
Patrat,42,55,39,35,39,42
Watchog,77,85,69,60,69,77
Lillipup,55,60,45,25,45,55
Herdier,60,80,65,35,65,60
Stoutland,80,100,90,45,90,80
Purrloin,66,50,37,50,37,66
Liepard,106,88,50,88,50,106
Pansage,64,53,48,53,48,64
Simisage,101,98,63,98,63,101
Pansear,64,53,48,53,48,64
Simisear,101,98,63,98,63,101
Panpour,64,53,48,53,48,64
Simipour,101,98,63,98,63,101
Munna,24,25,45,67,55,24
Musharna,29,55,85,107,95,29
Pidove,43,55,50,36,30,43
Tranquill,65,77,62,50,42,65
Unfezant,93,105,80,65,55,93
Blitzle,76,60,32,50,32,76
Zebstrika,116,100,63,80,63,116
Roggenrola,15,75,85,25,25,15
Boldore,20,105,105,50,40,20
Gigalith,25,135,130,60,70,25
Woobat,72,45,43,55,43,72
Swoobat,114,57,55,77,55,114
Drilbur,68,85,40,30,45,68
Excadrill,88,135,60,50,65,88
Audino,50,60,86,60,86,50
Timburr,35,80,55,25,35,35
Gurdurr,40,105,85,40,50,40
Conkeldurr,45,140,95,55,65,45
Tympole,64,50,40,50,40,64
Palpitoad,69,65,55,65,55,69
Seismitoad,74,85,75,85,75,74
Throh,45,100,85,30,85,45
Sawk,85,125,75,30,75,85
Sewaddle,42,53,70,40,60,42
Swadloon,42,63,90,50,80,42
Leavanny,92,103,80,70,70,92
Venipede,57,45,59,30,39,57
Whirlipede,47,55,99,40,79,47
Scolipede,112,90,89,55,69,112
Cottonee,66,27,60,37,50,66
Whimsicott,116,67,85,77,75,116
Petilil,30,35,50,70,50,30
Lilligant,90,60,75,110,75,90
Basculin,98,92,65,80,55,98
Sandile,65,72,35,35,35,65
Krokorok,74,82,45,45,45,74
Krookodile,92,117,70,65,70,92
Darumaka,50,90,45,15,45,50
Darmanitan,95,140,55,30,55,95
Maractus,60,86,67,106,67,60
Dwebble,55,65,85,35,35,55
Crustle,45,95,125,65,75,45
Scraggy,48,75,70,35,70,48
Scrafty,58,90,115,45,115,58
Sigilyph,97,58,80,103,80,97
Yamask,30,30,85,55,65,30
Cofagrigus,30,50,145,95,105,30
Tirtouga,22,78,103,53,45,22
Carracosta,32,108,133,83,65,32
Archen,70,112,45,74,45,70
Archeops,110,140,65,112,65,110
Trubbish,65,50,62,40,62,65
Garbodor,75,95,82,60,82,75
Zorua,65,65,40,80,40,65
Zoroark,105,105,60,120,60,105
Minccino,75,50,40,40,40,75
Cinccino,115,95,60,65,60,115
Gothita,45,30,50,55,65,45
Gothorita,55,45,70,75,85,55
Gothitelle,65,55,95,95,110,65
Solosis,20,30,40,105,50,20
Duosion,30,40,50,125,60,30
Reuniclus,30,65,75,125,85,30
Ducklett,55,44,50,44,50,55
Swanna,98,87,63,87,63,98
Vanillite,44,50,50,65,60,44
Vanillish,59,65,65,80,75,59
Vanilluxe,79,95,85,110,95,79
Deerling,75,60,50,40,50,75
Sawsbuck,95,100,70,60,70,95
Emolga,103,75,60,75,60,103
Karrablast,60,75,45,40,45,60
Escavalier,20,135,105,60,105,20
Foongus,15,55,45,55,55,15
Amoonguss,30,85,70,85,80,30
Frillish,40,40,50,65,85,40
Jellicent,60,60,70,85,105,60
Alomomola,65,75,80,40,45,65
Joltik,65,47,50,57,50,65
Galvantula,108,77,60,97,60,108
Ferroseed,10,50,91,24,86,10
Ferrothorn,20,94,131,54,116,20
Klink,30,55,70,45,60,30
Klang,50,80,95,70,85,50
Klinklang,90,100,115,70,85,90
Tynamo,60,55,40,45,40,60
Eelektrik,40,85,70,75,70,40
Eelektross,50,115,80,105,80,50
Elgyem,30,55,55,85,55,30
Beheeyem,40,75,75,125,95,40
Litwick,20,30,55,65,55,20
Lampent,55,40,60,95,60,55
Chandelure,80,55,90,145,90,80
Axew,57,87,60,30,40,57
Fraxure,67,117,70,40,50,67
Haxorus,97,147,90,60,70,97
Cubchoo,40,70,40,60,40,40
Beartic,50,110,80,70,80,50
Cryogonal,105,50,30,95,135,105
Shelmet,25,40,85,40,65,25
Accelgor,145,70,40,100,60,145
Stunfisk,32,66,84,81,99,32
Mienfoo,65,85,50,55,50,65
Mienshao,105,125,60,95,60,105
Druddigon,48,120,90,60,90,48
Golett,35,74,50,35,50,35
Golurk,55,124,80,55,80,55
Pawniard,60,85,70,40,40,60
Bisharp,70,125,100,60,70,70
Bouffalant,55,110,95,40,95,55
Rufflet,60,83,50,37,50,60
Braviary,80,123,75,57,75,80
Vullaby,60,55,75,45,65,60
Mandibuzz,80,65,105,55,95,80
Heatmor,65,97,66,105,66,65
Durant,109,109,112,48,48,109
Deino,38,65,50,45,50,38
Zweilous,58,85,70,65,70,58
Hydreigon,98,105,90,125,90,98
Larvesta,60,85,55,50,55,60
Volcarona,100,60,65,135,105,100
Cobalion,108,90,129,90,72,108
Terrakion,108,129,90,72,90,108
Virizion,108,90,72,90,129,108
Tornadus,111,115,70,125,80,111
Thundurus,111,115,70,125,80,111
Reshiram,90,120,100,150,120,90
Zekrom,90,150,120,120,100,90
Landorus,101,125,90,115,80,101
Kyurem,95,130,90,130,90,95
Keldeo,108,72,90,129,90,108
Meloetta,90,77,77,128,128,90
Genesect,99,120,95,120,95,99
Chespin,38,61,65,48,45,38
Quilladin,57,78,95,56,58,57
Chesnaught,64,107,122,74,75,64
Fennekin,60,45,40,62,60,60
Braixen,73,59,58,90,70,73
Delphox,104,69,72,114,100,104
Froakie,71,56,40,62,44,71
Frogadier,97,63,52,83,56,97
Greninja,122,95,67,103,71,122
Bunnelby,57,36,38,32,36,57
Diggersby,78,56,77,50,77,78
Fletchling,62,50,43,40,38,62
Fletchinder,84,73,55,56,52,84
Talonflame,126,81,71,74,69,126
Scatterbug,35,35,40,27,25,35
Spewpa,29,22,60,27,30,29
Vivillon,89,52,50,90,50,89
Litleo,72,50,58,73,54,72
Pyroar,106,68,72,109,66,106
Flabébé,42,38,39,61,79,42
Floette,52,45,47,75,98,52
Florges,75,65,68,112,154,75
Skiddo,52,65,48,62,57,52
Gogoat,68,100,62,97,81,68
Pancham,43,82,62,46,48,43
Pangoro,58,124,78,69,71,58
Furfrou,102,80,60,65,90,102
Espurr,68,48,54,63,60,68
Meowstic,104,48,76,83,81,104
Honedge,28,80,100,35,37,28
Doublade,35,110,150,45,49,35
Aegislash,60,50,150,50,150,60
Spritzee,23,52,60,63,65,23
Aromatisse,29,72,72,99,89,29
Swirlix,49,48,66,59,57,49
Slurpuff,72,80,86,85,75,72
Inkay,45,54,53,37,46,45
Malamar,73,92,88,68,75,73
Binacle,50,52,67,39,56,50
Barbaracle,68,105,115,54,86,68
Skrelp,30,60,60,60,60,30
Dragalge,44,75,90,97,123,44
Clauncher,44,53,62,58,63,44
Clawitzer,59,73,88,120,89,59
Helioptile,70,38,33,61,43,70
Heliolisk,109,55,52,109,94,109
Tyrunt,48,89,77,45,45,48
Tyrantrum,71,121,119,69,59,71
Amaura,46,59,50,67,63,46
Aurorus,58,77,72,99,92,58
Sylveon,60,65,65,110,130,60
Hawlucha,118,92,75,74,63,118
Dedenne,101,58,57,81,67,101
Carbink,50,50,150,50,150,50
Goomy,40,50,35,55,75,40
Sliggoo,60,75,53,83,113,60
Goodra,80,100,70,110,150,80
Klefki,75,80,91,80,87,75
Phantump,38,70,48,50,60,38
Trevenant,56,110,76,65,82,56
Pumpkaboo,56,66,70,44,55,56
Gourgeist,99,85,122,58,75,99
Bergmite,28,69,85,32,35,28
Avalugg,28,117,184,44,46,28
Noibat,55,30,35,45,40,55
Noivern,123,70,80,97,80,123
Xerneas,99,131,95,131,98,99
Yveltal,99,131,95,131,98,99
Zygarde,95,100,121,81,95,95
Diancie,50,100,150,100,150,50
Hoopa,70,110,60,150,130,70
Volcanion,70,110,120,130,90,70
Rowlet,42,55,55,50,50,42
Dartrix,52,75,75,70,70,52
Decidueye,70,107,75,100,100,70
Litten,70,65,40,60,40,70
Torracat,90,85,50,80,50,90
Incineroar,60,115,90,80,90,60
Popplio,40,54,54,66,56,40
Brionne,50,69,69,91,81,50
Primarina,60,74,74,126,116,60
Pikipek,65,75,30,30,30,65
Trumbeak,75,85,50,40,50,75
Toucannon,60,120,75,75,75,60
Yungoos,45,70,30,30,30,45
Gumshoos,45,110,60,55,60,45
Grubbin,46,62,45,55,45,46
Charjabug,36,82,95,55,75,36
Vikavolt,43,70,90,145,75,43
Crabrawler,63,82,57,42,47,63
Crabominable,43,132,77,62,67,43
Oricorio,93,70,70,98,70,93
Cutiefly,84,45,40,55,40,84
Ribombee,124,55,60,95,70,124
Rockruff,60,65,40,30,40,60
Lycanroc,112,115,65,55,65,112
Wishiwashi,40,20,20,25,25,40
Mareanie,45,53,62,43,52,45
Toxapex,35,63,152,53,142,35
Mudbray,45,100,70,45,55,45
Mudsdale,35,125,100,55,85,35
Dewpider,27,40,52,40,72,27
Araquanid,42,70,92,50,132,42
Fomantis,35,55,35,50,35,35
Lurantis,45,105,90,80,90,45
Morelull,15,35,55,65,75,15
Shiinotic,30,45,80,90,100,30
Salandit,77,44,40,71,40,77
Salazzle,117,64,60,111,60,117
Stufful,50,75,50,45,50,50
Bewear,60,125,80,55,60,60
Bounsweet,32,30,38,30,38,32
Steenee,62,40,48,40,48,62
Tsareena,72,120,98,50,98,72
Comfey,100,52,90,82,110,100
Oranguru,60,60,80,90,110,60
Passimian,80,120,90,40,60,80
Wimpod,80,35,40,20,30,80
Golisopod,40,125,140,60,90,40
Sandygast,15,55,80,70,45,15
Palossand,35,75,110,100,75,35
Pyukumuku,5,60,130,30,130,5
Type: Null,59,95,95,95,95,59
Silvally,95,95,95,95,95,95
Minior,60,60,100,60,100,60
Komala,65,115,65,75,95,65
Turtonator,36,78,135,91,85,36
Togedemaru,96,98,63,40,73,96
Mimikyu,96,90,80,50,105,96
Bruxish,92,105,70,70,70,92
Drampa,36,60,85,135,91,36
Dhelmise,40,131,100,86,90,40
Jangmo-o,45,55,65,45,45,45
Hakamo-o,65,75,90,65,70,65
Kommo-o,85,110,125,100,105,85
Tapu Koko,130,115,85,95,75,130
Tapu Lele,95,85,75,130,115,95
Tapu Bulu,75,130,115,85,95,75
Tapu Fini,85,75,115,95,130,85
Cosmog,37,29,31,29,31,37
Cosmoem,37,29,131,29,131,37
Solgaleo,97,137,107,113,89,97
Lunala,97,113,89,137,107,97
Nihilego,103,53,47,127,131,103
Buzzwole,79,139,139,53,53,79
Pheromosa,151,137,37,137,37,151
Xurkitree,83,89,71,173,71,83
Celesteela,61,101,103,107,101,61
Kartana,109,181,131,59,31,109
Guzzlord,43,101,53,97,53,43
Necrozma,79,107,101,127,89,79
Magearna,65,95,115,130,115,65
Marshadow,125,125,80,90,90,125
Poipole,73,73,67,73,67,73
Naganadel,121,73,73,127,73,121
Stakataka,13,131,211,53,101,13
Blacephalon,107,127,53,151,79,107
Zeraora,143,112,75,102,80,143
Meltan,34,65,65,55,35,34
Melmetal,34,143,143,80,65,34
